depth,age.cal.BP,Alnus glutinosa  ,Acer t.,Betula  ,Carpinus betulus ,Fagus sylvatica ,Fraxinus excelsior ,Pinus  ,Quercus  ,Sorbus t. ,Tilia  ,Ulmus  ,Corylus avellana t.,Crataegus t.,Salix  ,Cornus suecica,Hedera helix ,Ilex aquifolium ,Lonicera periclymenum ,Ericaceae  ,Calluna vulgaris ,Poaceae <37um ,Hordeum t. ,Avena/Triticum t. ,Secale cereale ,Cyperaceae  ,Anagallis tenella,Anthemis  ,Apiaceae  ,Armeria maritima t.A,Artemisia  ,Asteraceae  ,Brassicaceae  ,Campanula t.,Cardueae  ,Caryophyllaceae undiff. ,Centaurea nigra ,Chenopodiaceae,Corydalis lutea ,Epilobium  ,Equisetum  ,Euphorbia t. ,Fagopyrum  ,Filipendula  ,Galium  ,Gentianella campestris t.,Geranium  ,Helianthemum,Humulus lupulus,Hypericum elodes,Hypericum perforatum t.,Lactuceae  ,Lamiaceae undiff. ,Leguminoseae undiff. ,Lotus  ,Lysimachia vulgaris,Medicago sativa,Mentha t.,Menyanthes trifoliata ,Montia fontana ,Myosotis  ,Narthecium  ,Plantago lanceolata ,Plantago major/minor ,Polygala  ,Polygonum aviculare ,Potentilla  ,Ranunculus t. ,Rosa undiff. ,Rhinanthus  ,Rumex acetosa ,Rumex obtusifolius ,Scrophularia t. ,Scutellaria,Stachys t. ,Succisa pratensis ,Trifolium,Urtica dioica ,Valerianella,Verbascum t.,Vicia sylvatica ,Viola palustris ,Potamogeton  ,Huperzia selago,Hymenophyllum  ,Osmunda  ,Polypodium  ,Pteridium  ,Pteropsida (monolete) undiff.,Sphagnum  ,,
0.0 ,0,2.0 ,0.0 ,1.0 ,0.0 ,8.0 ,2.0 ,13.0 ,11.0 ,0.0 ,1.0 ,4.0 ,9.0 ,0.0 ,1.0 ,0.0 ,2.0 ,0.0 ,0.0 ,1.0 ,12.0 ,330.0 ,0.0 ,4.0 ,0.0 ,38.0 ,0.0 ,2.0 ,0.0 ,0.0 ,0.0 ,0.0 ,1.0 ,0.0 ,3.0 ,0.0 ,0.0 ,0.0 ,0.0 ,0.0 ,0.0 ,0.0 ,0.0 ,0.0 ,1.0 ,0.0 ,0.0 ,0.0 ,0.0 ,0.0 ,0.0 ,3.0 ,0.0 ,0.0 ,0.0 ,0.0 ,0.0 ,0.0 ,0.0 ,0.0 ,0.0 ,2.0 ,17.0 ,0.0 ,0.0 ,0.0 ,15.0 ,5.0 ,2.0 ,0.0 ,3.0 ,2.0 ,0.0 ,0.0 ,1.0 ,4.0 ,0.0 ,0.0 ,0.0 ,0.0 ,0.0 ,0.0 ,0.0 ,0.0 ,0.0 ,1.0 ,3.0 ,3.0 ,4.0 ,10.0 ,,
2.0 ,107,0.0 ,0.0 ,1.0 ,0.0 ,5.0 ,1.0 ,9.0 ,24.0 ,0.0 ,0.0 ,3.0 ,15.0 ,0.0 ,0.0 ,0.0 ,0.0 ,0.0 ,0.0 ,2.0 ,26.0 ,289.0 ,1.0 ,4.0 ,0.0 ,51.0 ,0.0 ,0.0 ,1.0 ,0.0 ,1.0 ,0.0 ,2.0 ,0.0 ,0.0 ,0.0 ,0.0 ,1.0 ,0.0 ,0.0 ,0.0 ,0.0 ,0.0 ,0.0 ,5.0 ,1.0 ,0.0 ,0.0 ,0.0 ,0.0 ,0.0 ,2.0 ,0.0 ,0.0 ,0.0 ,0.0 ,0.0 ,1.0 ,0.0 ,0.0 ,0.0 ,1.0 ,16.0 ,0.0 ,0.0 ,0.0 ,16.0 ,5.0 ,0.0 ,0.0 ,2.0 ,2.0 ,0.0 ,0.0 ,0.0 ,13.0 ,0.0 ,0.0 ,0.0 ,0.0 ,0.0 ,0.0 ,0.0 ,0.0 ,0.0 ,0.0 ,4.0 ,8.0 ,5.0 ,16.0 ,,
4.0 ,214,4.0 ,0.0 ,1.0 ,1.0 ,4.0 ,0.0 ,10.0 ,20.0 ,0.0 ,0.0 ,4.0 ,21.0 ,0.0 ,0.0 ,0.0 ,2.0 ,1.0 ,0.0 ,0.0 ,34.0 ,258.0 ,0.0 ,2.0 ,0.0 ,75.0 ,0.0 ,2.0 ,0.0 ,0.0 ,1.0 ,0.0 ,0.0 ,0.0 ,1.0 ,0.0 ,0.0 ,0.0 ,0.0 ,0.0 ,0.0 ,0.0 ,0.0 ,0.0 ,2.0 ,0.0 ,0.0 ,0.0 ,0.0 ,0.0 ,0.0 ,8.0 ,0.0 ,0.0 ,1.0 ,0.0 ,0.0 ,0.0 ,0.0 ,0.0 ,0.0 ,1.0 ,18.0 ,1.0 ,1.0 ,0.0 ,11.0 ,5.0 ,0.0 ,0.0 ,2.0 ,0.0 ,0.0 ,0.0 ,0.0 ,9.0 ,0.0 ,0.0 ,0.0 ,0.0 ,0.0 ,0.0 ,0.0 ,0.0 ,0.0 ,0.0 ,3.0 ,10.0 ,10.0 ,27.0 ,,
6.0 ,321,3.0 ,1.0 ,1.0 ,1.0 ,5.0 ,0.0 ,10.0 ,29.0 ,0.0 ,0.0 ,1.0 ,20.0 ,0.0 ,0.0 ,0.0 ,0.0 ,0.0 ,0.0 ,2.0 ,50.0 ,189.0 ,4.0 ,3.0 ,3.0 ,95.0 ,0.0 ,4.0 ,0.0 ,0.0 ,0.0 ,1.0 ,0.0 ,2.0 ,1.0 ,0.0 ,1.0 ,0.0 ,0.0 ,0.0 ,0.0 ,0.0 ,0.0 ,1.0 ,4.0 ,0.0 ,0.0 ,1.0 ,0.0 ,1.0 ,0.0 ,13.0 ,0.0 ,0.0 ,0.0 ,0.0 ,0.0 ,0.0 ,0.0 ,0.0 ,0.0 ,0.0 ,15.0 ,1.0 ,1.0 ,0.0 ,12.0 ,2.0 ,0.0 ,1.0 ,2.0 ,1.0 ,0.0 ,0.0 ,0.0 ,20.0 ,0.0 ,0.0 ,0.0 ,0.0 ,0.0 ,0.0 ,0.0 ,0.0 ,0.0 ,0.0 ,9.0 ,10.0 ,11.0 ,30.0 ,,
8.0 ,429,3.0 ,0.0 ,2.0 ,0.0 ,8.0 ,1.0 ,7.0 ,24.0 ,0.0 ,0.0 ,1.0 ,14.0 ,0.0 ,0.0 ,0.0 ,1.0 ,0.0 ,0.0 ,1.0 ,89.0 ,144.0 ,1.0 ,10.0 ,3.0 ,120.0 ,0.0 ,3.0 ,0.0 ,0.0 ,0.0 ,0.0 ,0.0 ,0.0 ,2.0 ,0.0 ,0.0 ,0.0 ,0.0 ,0.0 ,0.0 ,0.0 ,1.0 ,0.0 ,1.0 ,0.0 ,0.0 ,0.0 ,0.0 ,0.0 ,0.0 ,13.0 ,0.0 ,0.0 ,0.0 ,0.0 ,0.0 ,0.0 ,0.0 ,0.0 ,0.0 ,0.0 ,16.0 ,0.0 ,2.0 ,0.0 ,6.0 ,7.0 ,0.0 ,0.0 ,0.0 ,0.0 ,0.0 ,0.0 ,0.0 ,20.0 ,0.0 ,0.0 ,0.0 ,0.0 ,0.0 ,0.0 ,0.0 ,0.0 ,0.0 ,0.0 ,9.0 ,18.0 ,10.0 ,120.0 ,,
10.0 ,536,2.0 ,0.0 ,1.0 ,1.0 ,8.0 ,2.0 ,0.0 ,51.0 ,0.0 ,0.0 ,0.0 ,28.0 ,0.0 ,0.0 ,0.0 ,0.0 ,0.0 ,0.0 ,1.0 ,91.0 ,124.0 ,10.0 ,3.0 ,5.0 ,110.0 ,0.0 ,2.0 ,0.0 ,1.0 ,0.0 ,2.0 ,0.0 ,0.0 ,0.0 ,0.0 ,2.0 ,1.0 ,0.0 ,0.0 ,0.0 ,0.0 ,0.0 ,0.0 ,3.0 ,0.0 ,0.0 ,0.0 ,0.0 ,0.0 ,0.0 ,7.0 ,0.0 ,0.0 ,0.0 ,0.0 ,0.0 ,0.0 ,0.0 ,0.0 ,0.0 ,5.0 ,11.0 ,0.0 ,0.0 ,0.0 ,8.0 ,2.0 ,1.0 ,0.0 ,2.0 ,1.0 ,0.0 ,0.0 ,0.0 ,14.0 ,0.0 ,0.0 ,0.0 ,0.0 ,0.0 ,0.0 ,0.0 ,2.0 ,0.0 ,0.0 ,1.0 ,28.0 ,5.0 ,11.0 ,,
12.0 ,643,1.0 ,0.0 ,6.0 ,2.0 ,7.0 ,0.0 ,2.0 ,38.0 ,0.0 ,0.0 ,1.0 ,35.0 ,0.0 ,1.0 ,0.0 ,0.0 ,0.0 ,0.0 ,0.0 ,17.0 ,270.0 ,0.0 ,1.0 ,2.0 ,31.0 ,0.0 ,1.0 ,0.0 ,0.0 ,0.0 ,0.0 ,0.0 ,0.0 ,2.0 ,0.0 ,1.0 ,0.0 ,0.0 ,0.0 ,1.0 ,0.0 ,1.0 ,0.0 ,0.0 ,0.0 ,0.0 ,0.0 ,0.0 ,0.0 ,0.0 ,14.0 ,0.0 ,0.0 ,0.0 ,0.0 ,0.0 ,0.0 ,0.0 ,0.0 ,0.0 ,2.0 ,10.0 ,0.0 ,0.0 ,0.0 ,28.0 ,3.0 ,0.0 ,0.0 ,0.0 ,1.0 ,0.0 ,0.0 ,0.0 ,21.0 ,0.0 ,0.0 ,0.0 ,0.0 ,0.0 ,0.0 ,0.0 ,0.0 ,0.0 ,0.0 ,5.0 ,5.0 ,4.0 ,7.0 ,,
14.0 ,750,1.0 ,0.0 ,2.0 ,1.0 ,6.0 ,1.0 ,2.0 ,33.0 ,0.0 ,0.0 ,0.0 ,37.0 ,0.0 ,0.0 ,0.0 ,0.0 ,0.0 ,0.0 ,0.0 ,23.0 ,287.0 ,3.0 ,0.0 ,0.0 ,32.0 ,0.0 ,0.0 ,0.0 ,0.0 ,0.0 ,0.0 ,1.0 ,0.0 ,0.0 ,1.0 ,3.0 ,0.0 ,0.0 ,0.0 ,0.0 ,0.0 ,0.0 ,0.0 ,0.0 ,0.0 ,0.0 ,0.0 ,0.0 ,0.0 ,0.0 ,9.0 ,0.0 ,0.0 ,0.0 ,0.0 ,0.0 ,0.0 ,0.0 ,0.0 ,0.0 ,1.0 ,5.0 ,0.0 ,0.0 ,0.0 ,19.0 ,0.0 ,0.0 ,0.0 ,5.0 ,0.0 ,1.0 ,0.0 ,0.0 ,27.0 ,0.0 ,0.0 ,0.0 ,0.0 ,0.0 ,0.0 ,0.0 ,0.0 ,0.0 ,0.0 ,4.0 ,10.0 ,7.0 ,16.0 ,,
16.0 ,857,4.0 ,0.0 ,3.0 ,0.0 ,6.0 ,0.0 ,2.0 ,20.0 ,0.0 ,0.0 ,3.0 ,33.0 ,0.0 ,1.0 ,0.0 ,0.0 ,0.0 ,0.0 ,0.0 ,20.0 ,316.0 ,0.0 ,1.0 ,0.0 ,30.0 ,0.0 ,1.0 ,0.0 ,0.0 ,0.0 ,0.0 ,0.0 ,0.0 ,2.0 ,0.0 ,1.0 ,0.0 ,0.0 ,0.0 ,0.0 ,0.0 ,0.0 ,1.0 ,0.0 ,0.0 ,0.0 ,0.0 ,0.0 ,0.0 ,0.0 ,7.0 ,1.0 ,0.0 ,0.0 ,0.0 ,0.0 ,0.0 ,0.0 ,0.0 ,0.0 ,2.0 ,9.0 ,0.0 ,0.0 ,1.0 ,8.0 ,1.0 ,0.0 ,0.0 ,2.0 ,0.0 ,0.0 ,0.0 ,0.0 ,36.0 ,0.0 ,0.0 ,0.0 ,0.0 ,0.0 ,0.0 ,0.0 ,0.0 ,0.0 ,0.0 ,0.0 ,6.0 ,6.0 ,15.0 ,,
18.0 ,964,5.0 ,0.0 ,0.0 ,0.0 ,2.0 ,1.0 ,2.0 ,23.0 ,0.0 ,1.0 ,1.0 ,38.0 ,0.0 ,0.0 ,0.0 ,0.0 ,1.0 ,0.0 ,0.0 ,31.0 ,256.0 ,2.0 ,1.0 ,0.0 ,56.0 ,0.0 ,1.0 ,0.0 ,0.0 ,1.0 ,0.0 ,0.0 ,0.0 ,0.0 ,0.0 ,1.0 ,0.0 ,0.0 ,0.0 ,0.0 ,0.0 ,0.0 ,0.0 ,0.0 ,0.0 ,0.0 ,0.0 ,0.0 ,0.0 ,0.0 ,7.0 ,1.0 ,0.0 ,0.0 ,0.0 ,0.0 ,0.0 ,0.0 ,0.0 ,0.0 ,0.0 ,14.0 ,0.0 ,0.0 ,0.0 ,13.0 ,2.0 ,0.0 ,1.0 ,6.0 ,0.0 ,2.0 ,0.0 ,0.0 ,31.0 ,0.0 ,0.0 ,0.0 ,0.0 ,0.0 ,0.0 ,0.0 ,0.0 ,0.0 ,0.0 ,8.0 ,4.0 ,2.0 ,12.0 ,,
20.0 ,1071,4.0 ,0.0 ,2.0 ,2.0 ,7.0 ,1.0 ,0.0 ,30.0 ,0.0 ,0.0 ,0.0 ,14.0 ,0.0 ,0.0 ,0.0 ,0.0 ,0.0 ,0.0 ,0.0 ,45.0 ,230.0 ,0.0 ,1.0 ,0.0 ,51.0 ,0.0 ,2.0 ,0.0 ,0.0 ,0.0 ,0.0 ,0.0 ,0.0 ,1.0 ,0.0 ,2.0 ,0.0 ,0.0 ,0.0 ,0.0 ,0.0 ,0.0 ,0.0 ,1.0 ,0.0 ,0.0 ,0.0 ,0.0 ,0.0 ,0.0 ,24.0 ,0.0 ,0.0 ,0.0 ,0.0 ,0.0 ,0.0 ,0.0 ,0.0 ,0.0 ,0.0 ,3.0 ,0.0 ,0.0 ,0.0 ,8.0 ,0.0 ,1.0 ,0.0 ,3.0 ,0.0 ,0.0 ,0.0 ,0.0 ,68.0 ,0.0 ,0.0 ,0.0 ,0.0 ,0.0 ,0.0 ,0.0 ,0.0 ,0.0 ,0.0 ,9.0 ,5.0 ,7.0 ,5.0 ,,
22.0 ,1179,4.0 ,0.0 ,4.0 ,1.0 ,2.0 ,2.0 ,2.0 ,33.0 ,0.0 ,0.0 ,2.0 ,57.0 ,0.0 ,0.0 ,0.0 ,0.0 ,0.0 ,0.0 ,0.0 ,21.0 ,232.0 ,0.0 ,0.0 ,0.0 ,82.0 ,0.0 ,0.0 ,0.0 ,0.0 ,0.0 ,1.0 ,0.0 ,0.0 ,0.0 ,0.0 ,0.0 ,2.0 ,0.0 ,0.0 ,0.0 ,0.0 ,0.0 ,0.0 ,0.0 ,0.0 ,0.0 ,0.0 ,0.0 ,0.0 ,0.0 ,7.0 ,0.0 ,0.0 ,0.0 ,0.0 ,0.0 ,0.0 ,0.0 ,0.0 ,0.0 ,0.0 ,12.0 ,0.0 ,0.0 ,0.0 ,8.0 ,5.0 ,0.0 ,0.0 ,4.0 ,0.0 ,0.0 ,0.0 ,0.0 ,19.0 ,0.0 ,0.0 ,0.0 ,0.0 ,0.0 ,0.0 ,0.0 ,0.0 ,0.0 ,0.0 ,7.0 ,12.0 ,2.0 ,10.0 ,,
24.0 ,1286,1.0 ,0.0 ,4.0 ,3.0 ,9.0 ,1.0 ,2.0 ,75.0 ,0.0 ,0.0 ,3.0 ,13.0 ,0.0 ,0.0 ,0.0 ,1.0 ,0.0 ,0.0 ,0.0 ,33.0 ,125.0 ,0.0 ,1.0 ,0.0 ,102.0 ,0.0 ,1.0 ,0.0 ,0.0 ,0.0 ,0.0 ,0.0 ,0.0 ,1.0 ,0.0 ,2.0 ,1.0 ,0.0 ,0.0 ,0.0 ,0.0 ,0.0 ,0.0 ,0.0 ,0.0 ,0.0 ,0.0 ,0.0 ,0.0 ,0.0 ,35.0 ,0.0 ,0.0 ,0.0 ,0.0 ,0.0 ,0.0 ,0.0 ,0.0 ,0.0 ,0.0 ,3.0 ,0.0 ,2.0 ,0.0 ,2.0 ,2.0 ,0.0 ,0.0 ,2.0 ,0.0 ,0.0 ,0.0 ,0.0 ,71.0 ,1.0 ,0.0 ,0.0 ,0.0 ,0.0 ,0.0 ,0.0 ,0.0 ,0.0 ,0.0 ,27.0 ,9.0 ,6.0 ,4.0 ,,
26.0 ,1383,13.0 ,0.0 ,11.0 ,0.0 ,3.0 ,1.0 ,1.0 ,98.0 ,2.0 ,0.0 ,3.0 ,93.0 ,0.0 ,0.0 ,0.0 ,0.0 ,2.0 ,0.0 ,0.0 ,6.0 ,145.0 ,1.0 ,0.0 ,0.0 ,66.0 ,0.0 ,0.0 ,0.0 ,0.0 ,0.0 ,2.0 ,1.0 ,0.0 ,0.0 ,1.0 ,1.0 ,0.0 ,0.0 ,0.0 ,0.0 ,0.0 ,0.0 ,1.0 ,0.0 ,0.0 ,0.0 ,0.0 ,0.0 ,0.0 ,0.0 ,5.0 ,1.0 ,0.0 ,0.0 ,0.0 ,0.0 ,0.0 ,0.0 ,0.0 ,0.0 ,1.0 ,7.0 ,0.0 ,0.0 ,0.0 ,5.0 ,2.0 ,0.0 ,1.0 ,0.0 ,0.0 ,0.0 ,0.0 ,0.0 ,28.0 ,0.0 ,0.0 ,0.0 ,0.0 ,4.0 ,0.0 ,0.0 ,0.0 ,0.0 ,0.0 ,11.0 ,3.0 ,6.0 ,11.0 ,,
28.0 ,1475,0.0 ,2.0 ,4.0 ,0.0 ,9.0 ,0.0 ,0.0 ,90.0 ,0.0 ,0.0 ,7.0 ,32.0 ,0.0 ,0.0 ,0.0 ,1.0 ,1.0 ,0.0 ,2.0 ,17.0 ,129.0 ,0.0 ,0.0 ,0.0 ,85.0 ,0.0 ,0.0 ,0.0 ,0.0 ,0.0 ,1.0 ,0.0 ,0.0 ,0.0 ,0.0 ,0.0 ,0.0 ,0.0 ,0.0 ,0.0 ,0.0 ,0.0 ,1.0 ,0.0 ,0.0 ,0.0 ,0.0 ,0.0 ,0.0 ,0.0 ,29.0 ,0.0 ,0.0 ,0.0 ,0.0 ,0.0 ,0.0 ,0.0 ,0.0 ,0.0 ,0.0 ,11.0 ,0.0 ,3.0 ,0.0 ,1.0 ,0.0 ,0.0 ,2.0 ,0.0 ,0.0 ,0.0 ,0.0 ,0.0 ,68.0 ,0.0 ,0.0 ,0.0 ,0.0 ,10.0 ,0.0 ,0.0 ,0.0 ,0.0 ,0.0 ,27.0 ,7.0 ,5.0 ,3.0 ,,
30.0 ,1566,7.0 ,0.0 ,1.0 ,1.0 ,7.0 ,0.0 ,0.0 ,55.0 ,1.0 ,0.0 ,3.0 ,39.0 ,0.0 ,0.0 ,0.0 ,0.0 ,0.0 ,0.0 ,0.0 ,23.0 ,160.0 ,1.0 ,0.0 ,0.0 ,120.0 ,0.0 ,1.0 ,0.0 ,0.0 ,1.0 ,0.0 ,0.0 ,0.0 ,0.0 ,0.0 ,0.0 ,0.0 ,0.0 ,0.0 ,0.0 ,0.0 ,0.0 ,0.0 ,0.0 ,0.0 ,0.0 ,0.0 ,0.0 ,0.0 ,1.0 ,9.0 ,0.0 ,0.0 ,0.0 ,0.0 ,0.0 ,0.0 ,0.0 ,0.0 ,0.0 ,1.0 ,9.0 ,0.0 ,1.0 ,0.0 ,6.0 ,5.0 ,0.0 ,0.0 ,0.0 ,0.0 ,0.0 ,0.0 ,0.0 ,48.0 ,0.0 ,0.0 ,0.0 ,0.0 ,0.0 ,0.0 ,0.0 ,0.0 ,0.0 ,0.0 ,12.0 ,15.0 ,8.0 ,14.0 ,,
32.0 ,1658,1.0 ,1.0 ,4.0 ,0.0 ,8.0 ,0.0 ,2.0 ,81.0 ,0.0 ,0.0 ,0.0 ,17.0 ,0.0 ,0.0 ,0.0 ,1.0 ,0.0 ,0.0 ,0.0 ,14.0 ,119.0 ,0.0 ,1.0 ,0.0 ,127.0 ,0.0 ,2.0 ,0.0 ,0.0 ,0.0 ,0.0 ,0.0 ,5.0 ,0.0 ,2.0 ,1.0 ,0.0 ,0.0 ,0.0 ,0.0 ,1.0 ,0.0 ,0.0 ,0.0 ,0.0 ,0.0 ,0.0 ,0.0 ,0.0 ,0.0 ,43.0 ,0.0 ,0.0 ,0.0 ,0.0 ,0.0 ,0.0 ,1.0 ,0.0 ,0.0 ,0.0 ,7.0 ,0.0 ,3.0 ,0.0 ,2.0 ,3.0 ,0.0 ,0.0 ,0.0 ,0.0 ,0.0 ,0.0 ,0.0 ,57.0 ,0.0 ,0.0 ,0.0 ,0.0 ,0.0 ,0.0 ,0.0 ,0.0 ,0.0 ,0.0 ,15.0 ,10.0 ,8.0 ,5.0 ,,
34.0 ,1749,4.0 ,0.0 ,2.0 ,1.0 ,10.0 ,1.0 ,9.0 ,101.0 ,0.0 ,0.0 ,2.0 ,49.0 ,0.0 ,0.0 ,0.0 ,0.0 ,0.0 ,0.0 ,0.0 ,21.0 ,112.0 ,0.0 ,1.0 ,0.0 ,62.0 ,0.0 ,0.0 ,0.0 ,0.0 ,1.0 ,0.0 ,1.0 ,2.0 ,0.0 ,1.0 ,0.0 ,0.0 ,0.0 ,0.0 ,0.0 ,0.0 ,0.0 ,0.0 ,0.0 ,0.0 ,0.0 ,0.0 ,0.0 ,0.0 ,0.0 ,21.0 ,0.0 ,0.0 ,0.0 ,0.0 ,0.0 ,0.0 ,0.0 ,0.0 ,0.0 ,2.0 ,3.0 ,0.0 ,0.0 ,0.0 ,4.0 ,3.0 ,0.0 ,1.0 ,0.0 ,0.0 ,0.0 ,0.0 ,0.0 ,86.0 ,0.0 ,0.0 ,0.0 ,0.0 ,0.0 ,0.0 ,0.0 ,0.0 ,0.0 ,0.0 ,21.0 ,29.0 ,1.0 ,17.0 ,,
36.0 ,1841,4.0 ,0.0 ,1.0 ,0.0 ,6.0 ,1.0 ,1.0 ,103.0 ,2.0 ,0.0 ,4.0 ,25.0 ,0.0 ,0.0 ,0.0 ,0.0 ,1.0 ,0.0 ,0.0 ,94.0 ,43.0 ,2.0 ,1.0 ,0.0 ,107.0 ,0.0 ,0.0 ,0.0 ,0.0 ,0.0 ,0.0 ,0.0 ,0.0 ,0.0 ,0.0 ,1.0 ,0.0 ,0.0 ,0.0 ,0.0 ,1.0 ,0.0 ,0.0 ,0.0 ,0.0 ,0.0 ,0.0 ,0.0 ,0.0 ,0.0 ,23.0 ,1.0 ,0.0 ,0.0 ,0.0 ,0.0 ,0.0 ,1.0 ,0.0 ,0.0 ,0.0 ,1.0 ,0.0 ,0.0 ,0.0 ,2.0 ,1.0 ,0.0 ,0.0 ,0.0 ,0.0 ,0.0 ,0.0 ,0.0 ,73.0 ,1.0 ,0.0 ,0.0 ,0.0 ,0.0 ,0.0 ,0.0 ,0.0 ,0.0 ,0.0 ,37.0 ,23.0 ,2.0 ,33.0 ,,
38.0 ,1932,15.0 ,1.0 ,8.0 ,0.0 ,3.0 ,1.0 ,1.0 ,73.0 ,1.0 ,1.0 ,3.0 ,95.0 ,0.0 ,1.0 ,0.0 ,1.0 ,0.0 ,0.0 ,0.0 ,17.0 ,196.0 ,1.0 ,0.0 ,0.0 ,16.0 ,0.0 ,0.0 ,0.0 ,0.0 ,0.0 ,0.0 ,0.0 ,2.0 ,1.0 ,0.0 ,3.0 ,0.0 ,0.0 ,0.0 ,0.0 ,0.0 ,0.0 ,0.0 ,0.0 ,0.0 ,0.0 ,0.0 ,0.0 ,0.0 ,0.0 ,12.0 ,0.0 ,0.0 ,0.0 ,0.0 ,0.0 ,0.0 ,0.0 ,0.0 ,0.0 ,0.0 ,9.0 ,0.0 ,0.0 ,0.0 ,6.0 ,4.0 ,0.0 ,1.0 ,1.0 ,0.0 ,0.0 ,0.0 ,0.0 ,27.0 ,0.0 ,0.0 ,0.0 ,0.0 ,0.0 ,0.0 ,0.0 ,0.0 ,0.0 ,0.0 ,2.0 ,11.0 ,1.0 ,19.0 ,,
40.0 ,2024,1.0 ,0.0 ,0.0 ,0.0 ,8.0 ,0.0 ,10.0 ,133.0 ,0.0 ,0.0 ,5.0 ,19.0 ,0.0 ,0.0 ,0.0 ,2.0 ,0.0 ,0.0 ,0.0 ,35.0 ,175.0 ,0.0 ,1.0 ,0.0 ,35.0 ,0.0 ,0.0 ,0.0 ,0.0 ,0.0 ,0.0 ,0.0 ,0.0 ,0.0 ,0.0 ,3.0 ,1.0 ,0.0 ,0.0 ,0.0 ,0.0 ,0.0 ,0.0 ,0.0 ,0.0 ,0.0 ,0.0 ,0.0 ,0.0 ,0.0 ,15.0 ,0.0 ,0.0 ,0.0 ,0.0 ,0.0 ,0.0 ,0.0 ,0.0 ,0.0 ,0.0 ,3.0 ,0.0 ,1.0 ,0.0 ,2.0 ,3.0 ,0.0 ,0.0 ,2.0 ,0.0 ,0.0 ,0.0 ,0.0 ,49.0 ,0.0 ,0.0 ,0.0 ,0.0 ,0.0 ,0.0 ,0.0 ,0.0 ,0.0 ,0.0 ,41.0 ,21.0 ,7.0 ,16.0 ,,
42.0 ,2115,11.0 ,0.0 ,7.0 ,0.0 ,3.0 ,3.0 ,2.0 ,122.0 ,0.0 ,1.0 ,1.0 ,87.0 ,0.0 ,0.0 ,0.0 ,0.0 ,0.0 ,0.0 ,0.0 ,21.0 ,174.0 ,0.0 ,1.0 ,0.0 ,16.0 ,0.0 ,0.0 ,0.0 ,0.0 ,0.0 ,0.0 ,1.0 ,0.0 ,0.0 ,0.0 ,0.0 ,0.0 ,0.0 ,0.0 ,0.0 ,0.0 ,0.0 ,0.0 ,0.0 ,0.0 ,0.0 ,0.0 ,0.0 ,0.0 ,0.0 ,15.0 ,0.0 ,0.0 ,0.0 ,0.0 ,0.0 ,0.0 ,0.0 ,0.0 ,0.0 ,0.0 ,9.0 ,0.0 ,0.0 ,0.0 ,11.0 ,1.0 ,0.0 ,1.0 ,0.0 ,0.0 ,0.0 ,0.0 ,0.0 ,12.0 ,0.0 ,0.0 ,1.0 ,0.0 ,0.0 ,0.0 ,0.0 ,0.0 ,0.0 ,0.0 ,5.0 ,26.0 ,2.0 ,17.0 ,,
44.0 ,2207,18.0 ,0.0 ,7.0 ,0.0 ,2.0 ,3.0 ,1.0 ,86.0 ,0.0 ,0.0 ,2.0 ,50.0 ,0.0 ,0.0 ,0.0 ,2.0 ,0.0 ,0.0 ,0.0 ,41.0 ,218.0 ,0.0 ,0.0 ,0.0 ,21.0 ,0.0 ,2.0 ,0.0 ,0.0 ,0.0 ,0.0 ,0.0 ,2.0 ,0.0 ,0.0 ,0.0 ,1.0 ,0.0 ,0.0 ,0.0 ,0.0 ,0.0 ,0.0 ,0.0 ,0.0 ,0.0 ,1.0 ,0.0 ,0.0 ,0.0 ,13.0 ,0.0 ,0.0 ,0.0 ,0.0 ,0.0 ,0.0 ,0.0 ,0.0 ,0.0 ,0.0 ,11.0 ,0.0 ,0.0 ,0.0 ,8.0 ,3.0 ,0.0 ,0.0 ,1.0 ,0.0 ,0.0 ,0.0 ,0.0 ,17.0 ,0.0 ,0.0 ,0.0 ,0.0 ,0.0 ,0.0 ,0.0 ,0.0 ,0.0 ,0.0 ,4.0 ,20.0 ,0.0 ,38.0 ,,
46.0 ,2295,4.0 ,1.0 ,3.0 ,0.0 ,2.0 ,3.0 ,3.0 ,129.0 ,0.0 ,0.0 ,0.0 ,40.0 ,0.0 ,0.0 ,0.0 ,5.0 ,2.0 ,0.0 ,0.0 ,34.0 ,198.0 ,0.0 ,2.0 ,0.0 ,34.0 ,0.0 ,2.0 ,0.0 ,0.0 ,0.0 ,0.0 ,0.0 ,1.0 ,0.0 ,1.0 ,2.0 ,1.0 ,0.0 ,0.0 ,0.0 ,0.0 ,0.0 ,0.0 ,0.0 ,0.0 ,0.0 ,0.0 ,0.0 ,0.0 ,0.0 ,10.0 ,0.0 ,0.0 ,0.0 ,0.0 ,0.0 ,0.0 ,0.0 ,0.0 ,0.0 ,0.0 ,3.0 ,0.0 ,1.0 ,0.0 ,3.0 ,2.0 ,0.0 ,0.0 ,0.0 ,0.0 ,0.0 ,0.0 ,0.0 ,19.0 ,0.0 ,0.0 ,0.0 ,0.0 ,0.0 ,0.0 ,0.0 ,0.0 ,0.0 ,0.0 ,13.0 ,12.0 ,1.0 ,5.0 ,,
48.0 ,2380,10.0 ,0.0 ,8.0 ,0.0 ,3.0 ,2.0 ,5.0 ,61.0 ,2.0 ,0.0 ,0.0 ,58.0 ,0.0 ,0.0 ,0.0 ,1.0 ,0.0 ,0.0 ,0.0 ,23.0 ,151.0 ,0.0 ,0.0 ,0.0 ,128.0 ,0.0 ,0.0 ,0.0 ,0.0 ,0.0 ,1.0 ,0.0 ,1.0 ,0.0 ,0.0 ,0.0 ,0.0 ,0.0 ,0.0 ,2.0 ,0.0 ,0.0 ,0.0 ,0.0 ,0.0 ,0.0 ,0.0 ,0.0 ,0.0 ,0.0 ,6.0 ,0.0 ,0.0 ,0.0 ,0.0 ,0.0 ,0.0 ,0.0 ,0.0 ,0.0 ,0.0 ,24.0 ,0.0 ,0.0 ,0.0 ,4.0 ,2.0 ,0.0 ,0.0 ,5.0 ,1.0 ,0.0 ,0.0 ,0.0 ,10.0 ,0.0 ,0.0 ,0.0 ,0.0 ,2.0 ,0.0 ,0.0 ,0.0 ,0.0 ,0.0 ,11.0 ,73.0 ,16.0 ,35.0 ,,
50.0 ,2466,10.0 ,0.0 ,7.0 ,0.0 ,1.0 ,0.0 ,2.0 ,49.0 ,1.0 ,0.0 ,0.0 ,67.0 ,0.0 ,0.0 ,0.0 ,1.0 ,0.0 ,0.0 ,0.0 ,15.0 ,133.0 ,0.0 ,0.0 ,0.0 ,152.0 ,0.0 ,0.0 ,0.0 ,0.0 ,1.0 ,0.0 ,1.0 ,0.0 ,0.0 ,0.0 ,1.0 ,3.0 ,0.0 ,0.0 ,0.0 ,0.0 ,0.0 ,0.0 ,0.0 ,0.0 ,0.0 ,1.0 ,0.0 ,0.0 ,0.0 ,11.0 ,0.0 ,0.0 ,0.0 ,0.0 ,0.0 ,0.0 ,0.0 ,0.0 ,0.0 ,0.0 ,23.0 ,0.0 ,0.0 ,0.0 ,11.0 ,3.0 ,0.0 ,0.0 ,2.0 ,0.0 ,0.0 ,0.0 ,0.0 ,5.0 ,0.0 ,0.0 ,0.0 ,0.0 ,0.0 ,0.0 ,0.0 ,0.0 ,0.0 ,0.0 ,10.0 ,114.0 ,5.0 ,97.0 ,,
52.0 ,2551,9.0 ,2.0 ,4.0 ,1.0 ,0.0 ,1.0 ,0.0 ,71.0 ,0.0 ,0.0 ,1.0 ,103.0 ,0.0 ,0.0 ,0.0 ,1.0 ,0.0 ,0.0 ,0.0 ,22.0 ,123.0 ,2.0 ,0.0 ,0.0 ,102.0 ,0.0 ,0.0 ,0.0 ,0.0 ,3.0 ,1.0 ,0.0 ,0.0 ,0.0 ,2.0 ,0.0 ,0.0 ,0.0 ,0.0 ,0.0 ,0.0 ,0.0 ,0.0 ,0.0 ,0.0 ,0.0 ,0.0 ,0.0 ,0.0 ,0.0 ,11.0 ,0.0 ,0.0 ,0.0 ,0.0 ,0.0 ,0.0 ,0.0 ,0.0 ,0.0 ,0.0 ,21.0 ,0.0 ,0.0 ,0.0 ,7.0 ,5.0 ,0.0 ,0.0 ,0.0 ,0.0 ,0.0 ,0.0 ,0.0 ,8.0 ,0.0 ,0.0 ,0.0 ,0.0 ,0.0 ,0.0 ,0.0 ,0.0 ,0.0 ,0.0 ,17.0 ,107.0 ,8.0 ,16.0 ,,
54.0 ,2637,9.0 ,0.0 ,4.0 ,2.0 ,0.0 ,2.0 ,0.0 ,56.0 ,0.0 ,0.0 ,3.0 ,97.0 ,0.0 ,0.0 ,0.0 ,0.0 ,0.0 ,0.0 ,2.0 ,30.0 ,107.0 ,2.0 ,0.0 ,0.0 ,95.0 ,0.0 ,0.0 ,0.0 ,0.0 ,1.0 ,0.0 ,0.0 ,0.0 ,0.0 ,1.0 ,3.0 ,1.0 ,0.0 ,0.0 ,0.0 ,0.0 ,0.0 ,0.0 ,0.0 ,0.0 ,1.0 ,0.0 ,0.0 ,0.0 ,0.0 ,33.0 ,0.0 ,0.0 ,0.0 ,0.0 ,0.0 ,0.0 ,0.0 ,0.0 ,0.0 ,0.0 ,36.0 ,0.0 ,0.0 ,0.0 ,0.0 ,9.0 ,0.0 ,0.0 ,1.0 ,0.0 ,0.0 ,0.0 ,0.0 ,15.0 ,0.0 ,0.0 ,0.0 ,0.0 ,1.0 ,0.0 ,0.0 ,0.0 ,0.0 ,0.0 ,46.0 ,84.0 ,35.0 ,4.0 ,,
56.0 ,2722,6.0 ,0.0 ,4.0 ,0.0 ,1.0 ,1.0 ,1.0 ,58.0 ,0.0 ,1.0 ,2.0 ,66.0 ,0.0 ,1.0 ,0.0 ,1.0 ,0.0 ,0.0 ,0.0 ,26.0 ,125.0 ,0.0 ,0.0 ,0.0 ,172.0 ,0.0 ,0.0 ,0.0 ,0.0 ,0.0 ,0.0 ,0.0 ,0.0 ,0.0 ,2.0 ,1.0 ,0.0 ,1.0 ,0.0 ,0.0 ,0.0 ,0.0 ,0.0 ,0.0 ,0.0 ,0.0 ,0.0 ,0.0 ,0.0 ,0.0 ,6.0 ,0.0 ,0.0 ,0.0 ,0.0 ,0.0 ,0.0 ,0.0 ,0.0 ,0.0 ,0.0 ,12.0 ,0.0 ,0.0 ,0.0 ,1.0 ,2.0 ,0.0 ,0.0 ,0.0 ,0.0 ,0.0 ,0.0 ,1.0 ,17.0 ,0.0 ,1.0 ,0.0 ,0.0 ,0.0 ,0.0 ,0.0 ,0.0 ,0.0 ,0.0 ,24.0 ,102.0 ,5.0 ,2.0 ,,
58.0 ,2808,7.0 ,1.0 ,3.0 ,0.0 ,1.0 ,1.0 ,4.0 ,120.0 ,0.0 ,1.0 ,0.0 ,60.0 ,0.0 ,0.0 ,0.0 ,2.0 ,0.0 ,0.0 ,0.0 ,33.0 ,177.0 ,0.0 ,0.0 ,0.0 ,9.0 ,0.0 ,0.0 ,0.0 ,0.0 ,1.0 ,0.0 ,1.0 ,0.0 ,1.0 ,0.0 ,4.0 ,0.0 ,0.0 ,0.0 ,0.0 ,0.0 ,0.0 ,0.0 ,0.0 ,0.0 ,0.0 ,0.0 ,0.0 ,0.0 ,0.0 ,40.0 ,0.0 ,0.0 ,0.0 ,0.0 ,0.0 ,0.0 ,0.0 ,0.0 ,0.0 ,0.0 ,1.0 ,0.0 ,0.0 ,0.0 ,4.0 ,1.0 ,0.0 ,0.0 ,1.0 ,0.0 ,0.0 ,0.0 ,0.0 ,23.0 ,0.0 ,0.0 ,0.0 ,0.0 ,3.0 ,0.0 ,0.0 ,0.0 ,0.0 ,0.0 ,20.0 ,16.0 ,11.0 ,4.0 ,,
60.0 ,2893,17.0 ,0.0 ,2.0 ,2.0 ,5.0 ,0.0 ,3.0 ,84.0 ,1.0 ,0.0 ,1.0 ,107.0 ,0.0 ,0.0 ,0.0 ,0.0 ,0.0 ,0.0 ,0.0 ,15.0 ,207.0 ,0.0 ,0.0 ,0.0 ,22.0 ,0.0 ,0.0 ,1.0 ,0.0 ,0.0 ,0.0 ,0.0 ,0.0 ,0.0 ,1.0 ,1.0 ,0.0 ,0.0 ,0.0 ,0.0 ,0.0 ,0.0 ,0.0 ,0.0 ,0.0 ,3.0 ,0.0 ,0.0 ,0.0 ,0.0 ,4.0 ,0.0 ,0.0 ,0.0 ,0.0 ,0.0 ,0.0 ,1.0 ,0.0 ,0.0 ,4.0 ,3.0 ,0.0 ,0.0 ,0.0 ,12.0 ,1.0 ,0.0 ,0.0 ,0.0 ,0.0 ,0.0 ,0.0 ,0.0 ,7.0 ,0.0 ,0.0 ,0.0 ,0.0 ,0.0 ,0.0 ,1.0 ,0.0 ,0.0 ,0.0 ,14.0 ,7.0 ,10.0 ,5.0 ,,
62.0 ,2979,18.0 ,0.0 ,5.0 ,0.0 ,0.0 ,3.0 ,4.0 ,81.0 ,0.0 ,0.0 ,2.0 ,66.0 ,0.0 ,0.0 ,0.0 ,2.0 ,1.0 ,0.0 ,0.0 ,19.0 ,222.0 ,0.0 ,0.0 ,0.0 ,14.0 ,0.0 ,0.0 ,1.0 ,0.0 ,0.0 ,0.0 ,0.0 ,0.0 ,0.0 ,0.0 ,0.0 ,1.0 ,0.0 ,0.0 ,0.0 ,0.0 ,0.0 ,0.0 ,0.0 ,0.0 ,0.0 ,0.0 ,0.0 ,0.0 ,0.0 ,11.0 ,2.0 ,0.0 ,0.0 ,0.0 ,0.0 ,0.0 ,0.0 ,0.0 ,0.0 ,0.0 ,17.0 ,0.0 ,0.0 ,0.0 ,13.0 ,4.0 ,0.0 ,0.0 ,3.0 ,0.0 ,0.0 ,0.0 ,0.0 ,10.0 ,0.0 ,0.0 ,0.0 ,0.0 ,0.0 ,0.0 ,0.0 ,0.0 ,0.0 ,0.0 ,11.0 ,21.0 ,2.0 ,20.0 ,,
64.0 ,3064,17.0 ,0.0 ,1.0 ,1.0 ,11.0 ,0.0 ,2.0 ,107.0 ,1.0 ,0.0 ,9.0 ,78.0 ,0.0 ,0.0 ,0.0 ,4.0 ,0.0 ,0.0 ,0.0 ,28.0 ,163.0 ,0.0 ,1.0 ,0.0 ,16.0 ,0.0 ,0.0 ,0.0 ,0.0 ,0.0 ,0.0 ,0.0 ,0.0 ,1.0 ,3.0 ,2.0 ,0.0 ,1.0 ,0.0 ,0.0 ,1.0 ,0.0 ,0.0 ,0.0 ,0.0 ,3.0 ,0.0 ,0.0 ,0.0 ,0.0 ,13.0 ,0.0 ,0.0 ,0.0 ,0.0 ,0.0 ,0.0 ,0.0 ,0.0 ,0.0 ,0.0 ,1.0 ,0.0 ,1.0 ,0.0 ,4.0 ,1.0 ,0.0 ,1.0 ,0.0 ,0.0 ,0.0 ,0.0 ,0.0 ,27.0 ,0.0 ,0.0 ,0.0 ,0.0 ,2.0 ,0.0 ,0.0 ,0.0 ,0.0 ,0.0 ,30.0 ,8.0 ,9.0 ,8.0 ,,
66.0 ,3128,3.0 ,0.0 ,2.0 ,0.0 ,0.0 ,0.0 ,1.0 ,84.0 ,0.0 ,0.0 ,3.0 ,70.0 ,0.0 ,0.0 ,0.0 ,2.0 ,1.0 ,0.0 ,0.0 ,96.0 ,89.0 ,1.0 ,0.0 ,0.0 ,98.0 ,0.0 ,0.0 ,0.0 ,0.0 ,0.0 ,1.0 ,0.0 ,0.0 ,0.0 ,1.0 ,4.0 ,0.0 ,0.0 ,0.0 ,0.0 ,0.0 ,0.0 ,0.0 ,0.0 ,0.0 ,0.0 ,0.0 ,0.0 ,0.0 ,0.0 ,3.0 ,0.0 ,0.0 ,0.0 ,0.0 ,0.0 ,0.0 ,0.0 ,0.0 ,0.0 ,2.0 ,7.0 ,0.0 ,0.0 ,0.0 ,4.0 ,3.0 ,0.0 ,1.0 ,0.0 ,0.0 ,0.0 ,0.0 ,0.0 ,23.0 ,0.0 ,0.0 ,0.0 ,0.0 ,1.0 ,0.0 ,0.0 ,0.0 ,0.0 ,0.0 ,11.0 ,15.0 ,1.0 ,12.0 ,,
68.0 ,3177,7.0 ,0.0 ,0.0 ,1.0 ,1.0 ,0.0 ,0.0 ,90.0 ,1.0 ,2.0 ,0.0 ,87.0 ,0.0 ,0.0 ,0.0 ,0.0 ,0.0 ,0.0 ,0.0 ,63.0 ,147.0 ,0.0 ,0.0 ,0.0 ,68.0 ,0.0 ,0.0 ,0.0 ,0.0 ,0.0 ,0.0 ,0.0 ,0.0 ,0.0 ,1.0 ,0.0 ,0.0 ,0.0 ,0.0 ,0.0 ,0.0 ,0.0 ,1.0 ,0.0 ,0.0 ,0.0 ,0.0 ,0.0 ,0.0 ,0.0 ,7.0 ,0.0 ,0.0 ,0.0 ,0.0 ,0.0 ,0.0 ,0.0 ,1.0 ,0.0 ,4.0 ,7.0 ,0.0 ,0.0 ,0.0 ,2.0 ,7.0 ,0.0 ,0.0 ,0.0 ,0.0 ,0.0 ,0.0 ,0.0 ,4.0 ,0.0 ,0.0 ,0.0 ,0.0 ,0.0 ,0.0 ,0.0 ,0.0 ,0.0 ,0.0 ,10.0 ,14.0 ,5.0 ,24.0 ,,
70.0 ,3226,24.0 ,0.0 ,5.0 ,0.0 ,0.0 ,2.0 ,0.0 ,64.0 ,1.0 ,0.0 ,1.0 ,116.0 ,0.0 ,0.0 ,0.0 ,0.0 ,0.0 ,0.0 ,0.0 ,29.0 ,173.0 ,0.0 ,0.0 ,0.0 ,42.0 ,0.0 ,0.0 ,0.0 ,0.0 ,0.0 ,1.0 ,0.0 ,1.0 ,1.0 ,0.0 ,0.0 ,0.0 ,0.0 ,0.0 ,0.0 ,0.0 ,0.0 ,0.0 ,0.0 ,0.0 ,0.0 ,0.0 ,1.0 ,0.0 ,0.0 ,1.0 ,0.0 ,0.0 ,0.0 ,0.0 ,0.0 ,0.0 ,0.0 ,0.0 ,0.0 ,2.0 ,12.0 ,0.0 ,0.0 ,0.0 ,7.0 ,7.0 ,0.0 ,0.0 ,3.0 ,1.0 ,0.0 ,0.0 ,0.0 ,0.0 ,0.0 ,0.0 ,0.0 ,0.0 ,1.0 ,0.0 ,0.0 ,0.0 ,0.0 ,0.0 ,15.0 ,14.0 ,5.0 ,43.0 ,,
72.0 ,3275,8.0 ,0.0 ,0.0 ,0.0 ,1.0 ,0.0 ,1.0 ,74.0 ,0.0 ,1.0 ,1.0 ,54.0 ,0.0 ,0.0 ,0.0 ,0.0 ,0.0 ,0.0 ,0.0 ,183.0 ,65.0 ,0.0 ,0.0 ,0.0 ,95.0 ,0.0 ,0.0 ,0.0 ,0.0 ,0.0 ,0.0 ,0.0 ,0.0 ,0.0 ,0.0 ,0.0 ,0.0 ,0.0 ,0.0 ,0.0 ,0.0 ,0.0 ,0.0 ,0.0 ,0.0 ,0.0 ,0.0 ,0.0 ,0.0 ,0.0 ,10.0 ,0.0 ,0.0 ,0.0 ,0.0 ,0.0 ,0.0 ,0.0 ,0.0 ,0.0 ,0.0 ,2.0 ,0.0 ,0.0 ,0.0 ,2.0 ,0.0 ,0.0 ,0.0 ,0.0 ,0.0 ,1.0 ,0.0 ,0.0 ,2.0 ,0.0 ,0.0 ,0.0 ,0.0 ,0.0 ,0.0 ,0.0 ,0.0 ,0.0 ,0.0 ,6.0 ,5.0 ,6.0 ,4.0 ,,
74.0 ,3324,13.0 ,0.0 ,7.0 ,0.0 ,1.0 ,2.0 ,0.0 ,80.0 ,0.0 ,0.0 ,2.0 ,115.0 ,0.0 ,0.0 ,0.0 ,1.0 ,0.0 ,0.0 ,0.0 ,36.0 ,185.0 ,0.0 ,0.0 ,0.0 ,79.0 ,0.0 ,1.0 ,0.0 ,0.0 ,0.0 ,0.0 ,0.0 ,0.0 ,0.0 ,0.0 ,2.0 ,0.0 ,0.0 ,0.0 ,0.0 ,0.0 ,0.0 ,0.0 ,0.0 ,0.0 ,0.0 ,0.0 ,0.0 ,0.0 ,0.0 ,7.0 ,1.0 ,0.0 ,0.0 ,0.0 ,0.0 ,0.0 ,0.0 ,0.0 ,0.0 ,2.0 ,4.0 ,0.0 ,0.0 ,0.0 ,4.0 ,1.0 ,0.0 ,0.0 ,0.0 ,0.0 ,0.0 ,0.0 ,0.0 ,2.0 ,0.0 ,0.0 ,0.0 ,0.0 ,1.0 ,0.0 ,0.0 ,0.0 ,0.0 ,0.0 ,14.0 ,22.0 ,3.0 ,9.0 ,,
76.0 ,3373,11.0 ,0.0 ,0.0 ,0.0 ,0.0 ,0.0 ,1.0 ,55.0 ,0.0 ,0.0 ,0.0 ,33.0 ,0.0 ,1.0 ,0.0 ,1.0 ,0.0 ,0.0 ,0.0 ,180.0 ,132.0 ,0.0 ,0.0 ,0.0 ,43.0 ,0.0 ,0.0 ,0.0 ,0.0 ,0.0 ,1.0 ,0.0 ,0.0 ,3.0 ,0.0 ,3.0 ,0.0 ,0.0 ,0.0 ,0.0 ,0.0 ,0.0 ,0.0 ,0.0 ,0.0 ,0.0 ,0.0 ,0.0 ,0.0 ,0.0 ,46.0 ,0.0 ,0.0 ,0.0 ,0.0 ,0.0 ,0.0 ,1.0 ,0.0 ,0.0 ,0.0 ,1.0 ,0.0 ,0.0 ,0.0 ,4.0 ,0.0 ,0.0 ,0.0 ,0.0 ,0.0 ,0.0 ,0.0 ,0.0 ,5.0 ,0.0 ,0.0 ,0.0 ,0.0 ,0.0 ,0.0 ,0.0 ,0.0 ,0.0 ,0.0 ,11.0 ,5.0 ,3.0 ,21.0 ,,
78.0 ,3422,16.0 ,0.0 ,1.0 ,0.0 ,0.0 ,0.0 ,0.0 ,84.0 ,0.0 ,0.0 ,1.0 ,80.0 ,0.0 ,0.0 ,0.0 ,2.0 ,0.0 ,0.0 ,0.0 ,131.0 ,122.0 ,0.0 ,0.0 ,0.0 ,61.0 ,0.0 ,0.0 ,0.0 ,0.0 ,0.0 ,0.0 ,0.0 ,0.0 ,0.0 ,0.0 ,0.0 ,0.0 ,0.0 ,0.0 ,0.0 ,0.0 ,0.0 ,0.0 ,0.0 ,0.0 ,0.0 ,0.0 ,0.0 ,0.0 ,0.0 ,2.0 ,0.0 ,0.0 ,0.0 ,0.0 ,0.0 ,0.0 ,0.0 ,0.0 ,0.0 ,2.0 ,3.0 ,0.0 ,0.0 ,0.0 ,4.0 ,0.0 ,0.0 ,0.0 ,1.0 ,0.0 ,0.0 ,0.0 ,0.0 ,2.0 ,0.0 ,0.0 ,0.0 ,0.0 ,0.0 ,0.0 ,0.0 ,0.0 ,0.0 ,0.0 ,9.0 ,9.0 ,3.0 ,12.0 ,,
80.0 ,3471,17.0 ,0.0 ,5.0 ,1.0 ,0.0 ,0.0 ,2.0 ,72.0 ,0.0 ,0.0 ,2.0 ,61.0 ,0.0 ,0.0 ,0.0 ,0.0 ,0.0 ,0.0 ,0.0 ,154.0 ,87.0 ,0.0 ,0.0 ,0.0 ,75.0 ,0.0 ,0.0 ,0.0 ,0.0 ,0.0 ,0.0 ,0.0 ,0.0 ,0.0 ,0.0 ,0.0 ,0.0 ,0.0 ,0.0 ,0.0 ,0.0 ,0.0 ,0.0 ,0.0 ,0.0 ,0.0 ,0.0 ,0.0 ,0.0 ,0.0 ,5.0 ,0.0 ,0.0 ,0.0 ,0.0 ,0.0 ,0.0 ,0.0 ,0.0 ,0.0 ,3.0 ,6.0 ,0.0 ,0.0 ,0.0 ,5.0 ,1.0 ,0.0 ,0.0 ,0.0 ,0.0 ,0.0 ,0.0 ,0.0 ,4.0 ,0.0 ,0.0 ,0.0 ,0.0 ,0.0 ,0.0 ,0.0 ,0.0 ,0.0 ,0.0 ,4.0 ,11.0 ,7.0 ,8.0 ,,
82.0 ,3520,28.0 ,0.0 ,10.0 ,0.0 ,0.0 ,4.0 ,2.0 ,91.0 ,1.0 ,0.0 ,3.0 ,89.0 ,1.0 ,0.0 ,0.0 ,0.0 ,0.0 ,0.0 ,0.0 ,32.0 ,143.0 ,0.0 ,0.0 ,0.0 ,54.0 ,0.0 ,0.0 ,0.0 ,0.0 ,0.0 ,0.0 ,0.0 ,0.0 ,0.0 ,0.0 ,0.0 ,0.0 ,0.0 ,0.0 ,0.0 ,0.0 ,0.0 ,0.0 ,0.0 ,0.0 ,0.0 ,0.0 ,0.0 ,0.0 ,0.0 ,13.0 ,1.0 ,0.0 ,0.0 ,0.0 ,0.0 ,0.0 ,0.0 ,0.0 ,0.0 ,8.0 ,3.0 ,0.0 ,0.0 ,0.0 ,10.0 ,1.0 ,0.0 ,1.0 ,0.0 ,0.0 ,0.0 ,3.0 ,0.0 ,2.0 ,0.0 ,0.0 ,0.0 ,0.0 ,0.0 ,0.0 ,0.0 ,0.0 ,0.0 ,0.0 ,8.0 ,25.0 ,6.0 ,4.0 ,,
84.0 ,3569,5.0 ,0.0 ,3.0 ,0.0 ,1.0 ,0.0 ,4.0 ,91.0 ,1.0 ,0.0 ,2.0 ,45.0 ,0.0 ,0.0 ,0.0 ,0.0 ,0.0 ,0.0 ,0.0 ,25.0 ,239.0 ,0.0 ,0.0 ,0.0 ,74.0 ,0.0 ,0.0 ,0.0 ,0.0 ,0.0 ,0.0 ,0.0 ,0.0 ,0.0 ,1.0 ,0.0 ,0.0 ,0.0 ,0.0 ,0.0 ,0.0 ,0.0 ,0.0 ,0.0 ,0.0 ,0.0 ,0.0 ,0.0 ,0.0 ,1.0 ,2.0 ,0.0 ,0.0 ,0.0 ,0.0 ,0.0 ,0.0 ,0.0 ,0.0 ,0.0 ,2.0 ,2.0 ,0.0 ,0.0 ,0.0 ,0.0 ,1.0 ,1.0 ,0.0 ,0.0 ,0.0 ,0.0 ,0.0 ,0.0 ,0.0 ,0.0 ,0.0 ,0.0 ,0.0 ,0.0 ,0.0 ,0.0 ,0.0 ,0.0 ,0.0 ,23.0 ,4.0 ,14.0 ,0.0 ,,
86.0 ,3614,8.0 ,0.0 ,4.0 ,0.0 ,0.0 ,4.0 ,1.0 ,105.0 ,0.0 ,0.0 ,7.0 ,120.0 ,0.0 ,0.0 ,0.0 ,1.0 ,0.0 ,0.0 ,0.0 ,14.0 ,189.0 ,0.0 ,0.0 ,0.0 ,32.0 ,0.0 ,0.0 ,0.0 ,0.0 ,0.0 ,0.0 ,0.0 ,0.0 ,0.0 ,0.0 ,0.0 ,0.0 ,0.0 ,0.0 ,0.0 ,0.0 ,0.0 ,0.0 ,0.0 ,0.0 ,0.0 ,0.0 ,0.0 ,0.0 ,0.0 ,3.0 ,0.0 ,0.0 ,0.0 ,0.0 ,0.0 ,0.0 ,1.0 ,0.0 ,0.0 ,1.0 ,5.0 ,0.0 ,0.0 ,0.0 ,1.0 ,1.0 ,0.0 ,0.0 ,2.0 ,0.0 ,0.0 ,0.0 ,0.0 ,1.0 ,0.0 ,0.0 ,0.0 ,0.0 ,0.0 ,0.0 ,0.0 ,0.0 ,0.0 ,0.0 ,10.0 ,36.0 ,4.0 ,1.0 ,,
88.0 ,3650,18.0 ,0.0 ,3.0 ,1.0 ,0.0 ,3.0 ,0.0 ,104.0 ,0.0 ,0.0 ,1.0 ,103.0 ,0.0 ,0.0 ,0.0 ,0.0 ,0.0 ,1.0 ,0.0 ,7.0 ,214.0 ,0.0 ,0.0 ,0.0 ,25.0 ,0.0 ,0.0 ,0.0 ,0.0 ,0.0 ,0.0 ,0.0 ,0.0 ,0.0 ,0.0 ,0.0 ,0.0 ,0.0 ,0.0 ,0.0 ,0.0 ,0.0 ,0.0 ,0.0 ,0.0 ,0.0 ,0.0 ,0.0 ,0.0 ,0.0 ,5.0 ,0.0 ,0.0 ,0.0 ,0.0 ,0.0 ,0.0 ,0.0 ,0.0 ,0.0 ,0.0 ,5.0 ,0.0 ,0.0 ,0.0 ,5.0 ,0.0 ,0.0 ,0.0 ,0.0 ,0.0 ,0.0 ,0.0 ,0.0 ,4.0 ,0.0 ,0.0 ,0.0 ,0.0 ,1.0 ,0.0 ,0.0 ,0.0 ,0.0 ,0.0 ,5.0 ,25.0 ,5.0 ,7.0 ,,
90.0 ,3686,14.0 ,0.0 ,3.0 ,0.0 ,0.0 ,1.0 ,2.0 ,165.0 ,0.0 ,0.0 ,3.0 ,83.0 ,0.0 ,1.0 ,0.0 ,0.0 ,0.0 ,0.0 ,0.0 ,10.0 ,186.0 ,1.0 ,0.0 ,0.0 ,17.0 ,1.0 ,0.0 ,0.0 ,0.0 ,0.0 ,0.0 ,0.0 ,0.0 ,0.0 ,0.0 ,0.0 ,1.0 ,0.0 ,0.0 ,0.0 ,0.0 ,0.0 ,0.0 ,0.0 ,0.0 ,0.0 ,0.0 ,0.0 ,0.0 ,0.0 ,1.0 ,0.0 ,0.0 ,0.0 ,0.0 ,0.0 ,0.0 ,0.0 ,0.0 ,0.0 ,1.0 ,6.0 ,1.0 ,0.0 ,0.0 ,0.0 ,2.0 ,0.0 ,0.0 ,0.0 ,0.0 ,0.0 ,0.0 ,0.0 ,0.0 ,0.0 ,0.0 ,0.0 ,0.0 ,0.0 ,0.0 ,0.0 ,0.0 ,0.0 ,0.0 ,9.0 ,50.0 ,4.0 ,17.0 ,,
92.0 ,3722,41.0 ,0.0 ,5.0 ,0.0 ,0.0 ,0.0 ,4.0 ,125.0 ,0.0 ,0.0 ,6.0 ,81.0 ,0.0 ,1.0 ,0.0 ,3.0 ,0.0 ,0.0 ,0.0 ,12.0 ,182.0 ,0.0 ,0.0 ,0.0 ,20.0 ,0.0 ,0.0 ,0.0 ,0.0 ,0.0 ,0.0 ,0.0 ,0.0 ,0.0 ,0.0 ,0.0 ,0.0 ,0.0 ,0.0 ,0.0 ,1.0 ,0.0 ,0.0 ,0.0 ,0.0 ,0.0 ,0.0 ,0.0 ,0.0 ,0.0 ,6.0 ,0.0 ,0.0 ,0.0 ,0.0 ,0.0 ,0.0 ,0.0 ,0.0 ,1.0 ,0.0 ,8.0 ,0.0 ,0.0 ,0.0 ,2.0 ,0.0 ,0.0 ,0.0 ,0.0 ,0.0 ,1.0 ,0.0 ,0.0 ,1.0 ,0.0 ,0.0 ,0.0 ,0.0 ,0.0 ,0.0 ,0.0 ,0.0 ,1.0 ,0.0 ,24.0 ,27.0 ,13.0 ,6.0 ,,
94.0 ,3758,8.0 ,0.0 ,2.0 ,0.0 ,0.0 ,0.0 ,5.0 ,157.0 ,0.0 ,0.0 ,4.0 ,68.0 ,1.0 ,0.0 ,0.0 ,1.0 ,0.0 ,0.0 ,0.0 ,48.0 ,176.0 ,0.0 ,0.0 ,0.0 ,7.0 ,0.0 ,0.0 ,0.0 ,0.0 ,0.0 ,0.0 ,0.0 ,0.0 ,0.0 ,0.0 ,2.0 ,0.0 ,0.0 ,0.0 ,0.0 ,0.0 ,0.0 ,0.0 ,0.0 ,0.0 ,0.0 ,0.0 ,0.0 ,0.0 ,0.0 ,4.0 ,0.0 ,0.0 ,0.0 ,0.0 ,0.0 ,0.0 ,2.0 ,0.0 ,0.0 ,0.0 ,7.0 ,0.0 ,0.0 ,0.0 ,3.0 ,1.0 ,0.0 ,0.0 ,1.0 ,1.0 ,0.0 ,0.0 ,0.0 ,2.0 ,0.0 ,0.0 ,0.0 ,0.0 ,0.0 ,0.0 ,0.0 ,0.0 ,0.0 ,0.0 ,13.0 ,35.0 ,5.0 ,21.0 ,,
96.0 ,3794,18.0 ,0.0 ,1.0 ,0.0 ,0.0 ,0.0 ,2.0 ,99.0 ,0.0 ,0.0 ,0.0 ,67.0 ,0.0 ,0.0 ,0.0 ,0.0 ,0.0 ,0.0 ,0.0 ,32.0 ,237.0 ,0.0 ,0.0 ,0.0 ,37.0 ,0.0 ,0.0 ,0.0 ,0.0 ,0.0 ,0.0 ,0.0 ,0.0 ,0.0 ,0.0 ,1.0 ,0.0 ,0.0 ,0.0 ,0.0 ,0.0 ,0.0 ,0.0 ,0.0 ,0.0 ,0.0 ,0.0 ,0.0 ,0.0 ,0.0 ,11.0 ,0.0 ,0.0 ,0.0 ,0.0 ,0.0 ,0.0 ,0.0 ,0.0 ,0.0 ,0.0 ,5.0 ,0.0 ,0.0 ,0.0 ,0.0 ,0.0 ,0.0 ,0.0 ,0.0 ,0.0 ,0.0 ,0.0 ,0.0 ,0.0 ,0.0 ,0.0 ,0.0 ,0.0 ,0.0 ,0.0 ,0.0 ,0.0 ,0.0 ,0.0 ,17.0 ,20.0 ,4.0 ,7.0 ,,
98.0 ,3830,15.0 ,0.0 ,6.0 ,0.0 ,2.0 ,1.0 ,4.0 ,113.0 ,0.0 ,1.0 ,1.0 ,102.0 ,0.0 ,0.0 ,0.0 ,0.0 ,0.0 ,0.0 ,0.0 ,12.0 ,228.0 ,0.0 ,0.0 ,0.0 ,11.0 ,0.0 ,0.0 ,0.0 ,0.0 ,0.0 ,0.0 ,0.0 ,0.0 ,0.0 ,1.0 ,3.0 ,0.0 ,0.0 ,0.0 ,0.0 ,0.0 ,0.0 ,0.0 ,0.0 ,0.0 ,0.0 ,0.0 ,0.0 ,0.0 ,0.0 ,1.0 ,0.0 ,0.0 ,0.0 ,0.0 ,0.0 ,0.0 ,0.0 ,0.0 ,0.0 ,1.0 ,6.0 ,2.0 ,1.0 ,0.0 ,5.0 ,1.0 ,0.0 ,0.0 ,2.0 ,0.0 ,1.0 ,0.0 ,0.0 ,0.0 ,0.0 ,0.0 ,0.0 ,0.0 ,0.0 ,0.0 ,0.0 ,0.0 ,0.0 ,0.0 ,3.0 ,57.0 ,7.0 ,20.0 ,,
100.0 ,3866,17.0 ,0.0 ,3.0 ,0.0 ,1.0 ,0.0 ,2.0 ,89.0 ,1.0 ,0.0 ,1.0 ,70.0 ,0.0 ,0.0 ,0.0 ,2.0 ,0.0 ,0.0 ,0.0 ,3.0 ,245.0 ,0.0 ,0.0 ,0.0 ,8.0 ,0.0 ,0.0 ,1.0 ,0.0 ,0.0 ,0.0 ,0.0 ,0.0 ,0.0 ,0.0 ,0.0 ,0.0 ,0.0 ,0.0 ,0.0 ,0.0 ,0.0 ,0.0 ,0.0 ,0.0 ,0.0 ,0.0 ,0.0 ,0.0 ,0.0 ,10.0 ,0.0 ,0.0 ,0.0 ,0.0 ,0.0 ,0.0 ,0.0 ,0.0 ,0.0 ,0.0 ,23.0 ,0.0 ,0.0 ,0.0 ,24.0 ,0.0 ,0.0 ,0.0 ,0.0 ,0.0 ,0.0 ,0.0 ,0.0 ,0.0 ,0.0 ,0.0 ,0.0 ,0.0 ,0.0 ,1.0 ,0.0 ,0.0 ,0.0 ,0.0 ,4.0 ,27.0 ,16.0 ,13.0 ,,
102.0 ,3902,12.0 ,0.0 ,2.0 ,0.0 ,0.0 ,2.0 ,0.0 ,88.0 ,0.0 ,0.0 ,5.0 ,54.0 ,0.0 ,0.0 ,0.0 ,0.0 ,0.0 ,0.0 ,0.0 ,6.0 ,210.0 ,0.0 ,0.0 ,0.0 ,13.0 ,0.0 ,0.0 ,0.0 ,0.0 ,0.0 ,0.0 ,0.0 ,0.0 ,1.0 ,2.0 ,1.0 ,0.0 ,0.0 ,0.0 ,0.0 ,0.0 ,0.0 ,2.0 ,0.0 ,1.0 ,0.0 ,0.0 ,0.0 ,0.0 ,0.0 ,24.0 ,1.0 ,0.0 ,4.0 ,1.0 ,0.0 ,0.0 ,0.0 ,0.0 ,0.0 ,0.0 ,30.0 ,3.0 ,0.0 ,0.0 ,32.0 ,1.0 ,0.0 ,1.0 ,0.0 ,0.0 ,1.0 ,1.0 ,0.0 ,1.0 ,0.0 ,0.0 ,0.0 ,1.0 ,0.0 ,0.0 ,0.0 ,0.0 ,0.0 ,0.0 ,3.0 ,39.0 ,15.0 ,27.0 ,,
104.0 ,3938,26.0 ,0.0 ,5.0 ,0.0 ,0.0 ,4.0 ,2.0 ,105.0 ,0.0 ,0.0 ,2.0 ,65.0 ,0.0 ,0.0 ,0.0 ,0.0 ,0.0 ,0.0 ,0.0 ,24.0 ,199.0 ,0.0 ,0.0 ,0.0 ,27.0 ,0.0 ,0.0 ,1.0 ,0.0 ,2.0 ,0.0 ,0.0 ,0.0 ,1.0 ,0.0 ,1.0 ,0.0 ,0.0 ,4.0 ,0.0 ,0.0 ,0.0 ,0.0 ,0.0 ,0.0 ,0.0 ,0.0 ,0.0 ,0.0 ,0.0 ,3.0 ,1.0 ,0.0 ,0.0 ,0.0 ,0.0 ,0.0 ,0.0 ,0.0 ,1.0 ,0.0 ,11.0 ,0.0 ,0.0 ,0.0 ,17.0 ,2.0 ,0.0 ,0.0 ,0.0 ,0.0 ,0.0 ,0.0 ,0.0 ,3.0 ,0.0 ,0.0 ,0.0 ,0.0 ,0.0 ,0.0 ,0.0 ,0.0 ,0.0 ,0.0 ,5.0 ,45.0 ,10.0 ,26.0 ,,
106.0 ,3974,12.0 ,0.0 ,1.0 ,1.0 ,0.0 ,2.0 ,2.0 ,99.0 ,0.0 ,0.0 ,0.0 ,73.0 ,0.0 ,1.0 ,1.0 ,0.0 ,1.0 ,0.0 ,0.0 ,54.0 ,141.0 ,0.0 ,0.0 ,0.0 ,35.0 ,0.0 ,1.0 ,1.0 ,0.0 ,0.0 ,0.0 ,0.0 ,0.0 ,0.0 ,0.0 ,33.0 ,1.0 ,0.0 ,0.0 ,0.0 ,2.0 ,0.0 ,0.0 ,0.0 ,1.0 ,0.0 ,0.0 ,0.0 ,0.0 ,0.0 ,6.0 ,0.0 ,0.0 ,0.0 ,0.0 ,2.0 ,0.0 ,0.0 ,0.0 ,0.0 ,0.0 ,5.0 ,0.0 ,0.0 ,0.0 ,4.0 ,0.0 ,0.0 ,0.0 ,0.0 ,0.0 ,0.0 ,0.0 ,0.0 ,18.0 ,0.0 ,0.0 ,1.0 ,0.0 ,0.0 ,0.0 ,0.0 ,0.0 ,0.0 ,0.0 ,10.0 ,47.0 ,7.0 ,36.0 ,,
108.0 ,4010,23.0 ,0.0 ,4.0 ,0.0 ,0.0 ,4.0 ,0.0 ,62.0 ,0.0 ,3.0 ,2.0 ,113.0 ,0.0 ,0.0 ,0.0 ,1.0 ,0.0 ,0.0 ,0.0 ,4.0 ,233.0 ,0.0 ,0.0 ,0.0 ,33.0 ,0.0 ,0.0 ,0.0 ,0.0 ,1.0 ,0.0 ,0.0 ,0.0 ,0.0 ,0.0 ,1.0 ,0.0 ,0.0 ,0.0 ,0.0 ,0.0 ,0.0 ,0.0 ,0.0 ,0.0 ,0.0 ,0.0 ,0.0 ,0.0 ,0.0 ,0.0 ,0.0 ,0.0 ,0.0 ,0.0 ,0.0 ,0.0 ,1.0 ,0.0 ,0.0 ,0.0 ,6.0 ,0.0 ,0.0 ,0.0 ,4.0 ,0.0 ,0.0 ,0.0 ,0.0 ,0.0 ,2.0 ,0.0 ,0.0 ,3.0 ,0.0 ,0.0 ,0.0 ,0.0 ,0.0 ,0.0 ,0.0 ,0.0 ,0.0 ,0.0 ,6.0 ,29.0 ,3.0 ,72.0 ,,
110.0 ,4046,37.0 ,0.0 ,5.0 ,0.0 ,1.0 ,2.0 ,1.0 ,123.0 ,0.0 ,2.0 ,7.0 ,69.0 ,0.0 ,1.0 ,0.0 ,0.0 ,0.0 ,0.0 ,0.0 ,18.0 ,128.0 ,0.0 ,0.0 ,0.0 ,76.0 ,0.0 ,0.0 ,0.0 ,0.0 ,0.0 ,1.0 ,0.0 ,0.0 ,0.0 ,0.0 ,1.0 ,0.0 ,0.0 ,0.0 ,0.0 ,0.0 ,0.0 ,0.0 ,0.0 ,0.0 ,0.0 ,0.0 ,0.0 ,0.0 ,0.0 ,3.0 ,0.0 ,0.0 ,0.0 ,0.0 ,0.0 ,0.0 ,0.0 ,0.0 ,0.0 ,2.0 ,6.0 ,1.0 ,0.0 ,0.0 ,1.0 ,3.0 ,0.0 ,0.0 ,0.0 ,0.0 ,0.0 ,0.0 ,0.0 ,12.0 ,0.0 ,0.0 ,0.0 ,0.0 ,0.0 ,0.0 ,0.0 ,0.0 ,0.0 ,0.0 ,31.0 ,35.0 ,30.0 ,10.0 ,,
112.0 ,4082,12.0 ,0.0 ,0.0 ,0.0 ,0.0 ,2.0 ,7.0 ,114.0 ,0.0 ,0.0 ,7.0 ,71.0 ,0.0 ,0.0 ,0.0 ,0.0 ,0.0 ,0.0 ,0.0 ,14.0 ,196.0 ,0.0 ,0.0 ,0.0 ,65.0 ,0.0 ,0.0 ,0.0 ,0.0 ,0.0 ,0.0 ,0.0 ,0.0 ,0.0 ,1.0 ,0.0 ,0.0 ,0.0 ,0.0 ,0.0 ,1.0 ,0.0 ,0.0 ,0.0 ,0.0 ,0.0 ,0.0 ,0.0 ,0.0 ,0.0 ,0.0 ,0.0 ,1.0 ,0.0 ,0.0 ,0.0 ,0.0 ,0.0 ,0.0 ,0.0 ,0.0 ,4.0 ,0.0 ,0.0 ,0.0 ,1.0 ,1.0 ,0.0 ,0.0 ,0.0 ,0.0 ,0.0 ,0.0 ,0.0 ,3.0 ,0.0 ,0.0 ,0.0 ,0.0 ,0.0 ,0.0 ,0.0 ,0.0 ,0.0 ,0.0 ,9.0 ,5.0 ,1.0 ,0.0 ,,
114.0 ,4118,17.0 ,0.0 ,10.0 ,0.0 ,1.0 ,4.0 ,0.0 ,95.0 ,0.0 ,0.0 ,7.0 ,83.0 ,0.0 ,0.0 ,0.0 ,0.0 ,0.0 ,0.0 ,0.0 ,19.0 ,195.0 ,0.0 ,0.0 ,0.0 ,50.0 ,0.0 ,0.0 ,0.0 ,0.0 ,0.0 ,0.0 ,0.0 ,0.0 ,0.0 ,0.0 ,1.0 ,0.0 ,0.0 ,0.0 ,0.0 ,0.0 ,0.0 ,0.0 ,0.0 ,1.0 ,0.0 ,0.0 ,0.0 ,0.0 ,0.0 ,0.0 ,0.0 ,0.0 ,1.0 ,0.0 ,0.0 ,0.0 ,0.0 ,0.0 ,0.0 ,1.0 ,6.0 ,0.0 ,1.0 ,0.0 ,1.0 ,0.0 ,0.0 ,0.0 ,0.0 ,0.0 ,0.0 ,0.0 ,0.0 ,6.0 ,0.0 ,0.0 ,0.0 ,0.0 ,1.0 ,0.0 ,0.0 ,0.0 ,0.0 ,0.0 ,14.0 ,15.0 ,4.0 ,9.0 ,,
116.0 ,4154,7.0 ,0.0 ,0.0 ,0.0 ,1.0 ,1.0 ,9.0 ,120.0 ,0.0 ,0.0 ,6.0 ,35.0 ,0.0 ,0.0 ,0.0 ,0.0 ,0.0 ,0.0 ,0.0 ,16.0 ,144.0 ,1.0 ,0.0 ,0.0 ,67.0 ,0.0 ,0.0 ,0.0 ,0.0 ,1.0 ,0.0 ,0.0 ,0.0 ,0.0 ,0.0 ,1.0 ,0.0 ,0.0 ,0.0 ,0.0 ,0.0 ,0.0 ,0.0 ,0.0 ,0.0 ,1.0 ,0.0 ,0.0 ,0.0 ,0.0 ,3.0 ,0.0 ,0.0 ,0.0 ,0.0 ,0.0 ,0.0 ,0.0 ,0.0 ,0.0 ,1.0 ,3.0 ,0.0 ,0.0 ,0.0 ,0.0 ,0.0 ,0.0 ,0.0 ,0.0 ,0.0 ,1.0 ,0.0 ,0.0 ,8.0 ,0.0 ,0.0 ,0.0 ,0.0 ,1.0 ,0.0 ,0.0 ,0.0 ,0.0 ,0.0 ,24.0 ,3.0 ,16.0 ,0.0 ,,
,,,,,,,,,,,,,,,,,,,,,,,,,,,,,,,,,,,,,,,,,,,,,,,,,,,,,,,,,,,,,,,,,,,,,,,,,,,,,,,,,,,,,,,,,,,,
,,,,,,,,,,,,,,,,,,,,,,,,,,,,,,,,,,,,,,,,,,,,,,,,,,,,,,,,,,,,,,,,,,,,,,,,,,,,,,,,,,,,,,,,,,,,
,,,,,,,,,,,,,,,,,,,,,,,,,,,,,,,,,,,,,,,,,,,,,,,,,,,,,,,,,,,,,,,,,,,,,,,,,,,,,,,,,,,,,,,,,,,,
,,,,,,,,,,,,,,,,,,,,,,,,,,,,,,,,,,,,,,,,,,,,,,,,,,,,,,,,,,,,,,,,,,,,,,,,,,,,,,,,,,,,,,,,,,,,
,,,,,,,,,,,,,,,,,,,,,,,,,,,,,,,,,,,,,,,,,,,,,,,,,,,,,,,,,,,,,,,,,,,,,,,,,,,,,,,,,,,,,,,,,,,,
,,,,,,,,,,,,,,,,,,,,,,,,,,,,,,,,,,,,,,,,,,,,,,,,,,,,,,,,,,,,,,,,,,,,,,,,,,,,,,,,,,,,,,,,,,,,
,,,,,,,,,,,,,,,,,,,,,,,,,,,,,,,,,,,,,,,,,,,,,,,,,,,,,,,,,,,,,,,,,,,,,,,,,,,,,,,,,,,,,,,,,,,,
,,,,,,,,,,,,,,,,,,,,,,,,,,,,,,,,,,,,,,,,,,,,,,,,,,,,,,,,,,,,,,,,,,,,,,,,,,,,,,,,,,,,,,,,,,,,
,,,,,,,,,,,,,,,,,,,,,,,,,,,,,,,,,,,,,,,,,,,,,,,,,,,,,,,,,,,,,,,,,,,,,,,,,,,,,,,,,,,,,,,,,,,,
,,,,,,,,,,,,,,,,,,,,,,,,,,,,,,,,,,,,,,,,,,,,,,,,,,,,,,,,,,,,,,,,,,,,,,,,,,,,,,,,,,,,,,,,,,,,
,,,,,,,,,,,,,,,,,,,,,,,,,,,,,,,,,,,,,,,,,,,,,,,,,,,,,,,,,,,,,,,,,,,,,,,,,,,,,,,,,,,,,,,,,,,,
,,,,,,,,,,,,,,,,,,,,,,,,,,,,,,,,,,,,,,,,,,,,,,,,,,,,,,,,,,,,,,,,,,,,,,,,,,,,,,,,,,,,,,,,,,,,
,,,,,,,,,,,,,,,,,,,,,,,,,,,,,,,,,,,,,,,,,,,,,,,,,,,,,,,,,,,,,,,,,,,,,,,,,,,,,,,,,,,,,,,,,,,,
,,,,,,,,,,,,,,,,,,,,,,,,,,,,,,,,,,,,,,,,,,,,,,,,,,,,,,,,,,,,,,,,,,,,,,,,,,,,,,,,,,,,,,,,,,,,
,,,,,,,,,,,,,,,,,,,,,,,,,,,,,,,,,,,,,,,,,,,,,,,,,,,,,,,,,,,,,,,,,,,,,,,,,,,,,,,,,,,,,,,,,,,,
,,,,,,,,,,,,,,,,,,,,,,,,,,,,,,,,,,,,,,,,,,,,,,,,,,,,,,,,,,,,,,,,,,,,,,,,,,,,,,,,,,,,,,,,,,,,
,,,,,,,,,,,,,,,,,,,,,,,,,,,,,,,,,,,,,,,,,,,,,,,,,,,,,,,,,,,,,,,,,,,,,,,,,,,,,,,,,,,,,,,,,,,,
,,,,,,,,,,,,,,,,,,,,,,,,,,,,,,,,,,,,,,,,,,,,,,,,,,,,,,,,,,,,,,,,,,,,,,,,,,,,,,,,,,,,,,,,,,,,
,,,,,,,,,,,,,,,,,,,,,,,,,,,,,,,,,,,,,,,,,,,,,,,,,,,,,,,,,,,,,,,,,,,,,,,,,,,,,,,,,,,,,,,,,,,,
,,,,,,,,,,,,,,,,,,,,,,,,,,,,,,,,,,,,,,,,,,,,,,,,,,,,,,,,,,,,,,,,,,,,,,,,,,,,,,,,,,,,,,,,,,,,
,,,,,,,,,,,,,,,,,,,,,,,,,,,,,,,,,,,,,,,,,,,,,,,,,,,,,,,,,,,,,,,,,,,,,,,,,,,,,,,,,,,,,,,,,,,,
,,,,,,,,,,,,,,,,,,,,,,,,,,,,,,,,,,,,,,,,,,,,,,,,,,,,,,,,,,,,,,,,,,,,,,,,,,,,,,,,,,,,,,,,,,,,
,,,,,,,,,,,,,,,,,,,,,,,,,,,,,,,,,,,,,,,,,,,,,,,,,,,,,,,,,,,,,,,,,,,,,,,,,,,,,,,,,,,,,,,,,,,,
,,,,,,,,,,,,,,,,,,,,,,,,,,,,,,,,,,,,,,,,,,,,,,,,,,,,,,,,,,,,,,,,,,,,,,,,,,,,,,,,,,,,,,,,,,,,
,,,,,,,,,,,,,,,,,,,,,,,,,,,,,,,,,,,,,,,,,,,,,,,,,,,,,,,,,,,,,,,,,,,,,,,,,,,,,,,,,,,,,,,,,,,,
,,,,,,,,,,,,,,,,,,,,,,,,,,,,,,,,,,,,,,,,,,,,,,,,,,,,,,,,,,,,,,,,,,,,,,,,,,,,,,,,,,,,,,,,,,,,
,,,,,,,,,,,,,,,,,,,,,,,,,,,,,,,,,,,,,,,,,,,,,,,,,,,,,,,,,,,,,,,,,,,,,,,,,,,,,,,,,,,,,,,,,,,,
,,,,,,,,,,,,,,,,,,,,,,,,,,,,,,,,,,,,,,,,,,,,,,,,,,,,,,,,,,,,,,,,,,,,,,,,,,,,,,,,,,,,,,,,,,,,
,,,,,,,,,,,,,,,,,,,,,,,,,,,,,,,,,,,,,,,,,,,,,,,,,,,,,,,,,,,,,,,,,,,,,,,,,,,,,,,,,,,,,,,,,,,,
,,,,,,,,,,,,,,,,,,,,,,,,,,,,,,,,,,,,,,,,,,,,,,,,,,,,,,,,,,,,,,,,,,,,,,,,,,,,,,,,,,,,,,,,,,,,
,,,,,,,,,,,,,,,,,,,,,,,,,,,,,,,,,,,,,,,,,,,,,,,,,,,,,,,,,,,,,,,,,,,,,,,,,,,,,,,,,,,,,,,,,,,,
,,,,,,,,,,,,,,,,,,,,,,,,,,,,,,,,,,,,,,,,,,,,,,,,,,,,,,,,,,,,,,,,,,,,,,,,,,,,,,,,,,,,,,,,,,,,
,,,,,,,,,,,,,,,,,,,,,,,,,,,,,,,,,,,,,,,,,,,,,,,,,,,,,,,,,,,,,,,,,,,,,,,,,,,,,,,,,,,,,,,,,,,,
,,,,,,,,,,,,,,,,,,,,,,,,,,,,,,,,,,,,,,,,,,,,,,,,,,,,,,,,,,,,,,,,,,,,,,,,,,,,,,,,,,,,,,,,,,,,
,,,,,,,,,,,,,,,,,,,,,,,,,,,,,,,,,,,,,,,,,,,,,,,,,,,,,,,,,,,,,,,,,,,,,,,,,,,,,,,,,,,,,,,,,,,,
,,,,,,,,,,,,,,,,,,,,,,,,,,,,,,,,,,,,,,,,,,,,,,,,,,,,,,,,,,,,,,,,,,,,,,,,,,,,,,,,,,,,,,,,,,,,
,,,,,,,,,,,,,,,,,,,,,,,,,,,,,,,,,,,,,,,,,,,,,,,,,,,,,,,,,,,,,,,,,,,,,,,,,,,,,,,,,,,,,,,,,,,,
,,,,,,,,,,,,,,,,,,,,,,,,,,,,,,,,,,,,,,,,,,,,,,,,,,,,,,,,,,,,,,,,,,,,,,,,,,,,,,,,,,,,,,,,,,,,
,,,,,,,,,,,,,,,,,,,,,,,,,,,,,,,,,,,,,,,,,,,,,,,,,,,,,,,,,,,,,,,,,,,,,,,,,,,,,,,,,,,,,,,,,,,,
,,,,,,,,,,,,,,,,,,,,,,,,,,,,,,,,,,,,,,,,,,,,,,,,,,,,,,,,,,,,,,,,,,,,,,,,,,,,,,,,,,,,,,,,,,,,
,,,,,,,,,,,,,,,,,,,,,,,,,,,,,,,,,,,,,,,,,,,,,,,,,,,,,,,,,,,,,,,,,,,,,,,,,,,,,,,,,,,,,,,,,,,,
,,,,,,,,,,,,,,,,,,,,,,,,,,,,,,,,,,,,,,,,,,,,,,,,,,,,,,,,,,,,,,,,,,,,,,,,,,,,,,,,,,,,,,,,,,,,
,,,,,,,,,,,,,,,,,,,,,,,,,,,,,,,,,,,,,,,,,,,,,,,,,,,,,,,,,,,,,,,,,,,,,,,,,,,,,,,,,,,,,,,,,,,,
,,,,,,,,,,,,,,,,,,,,,,,,,,,,,,,,,,,,,,,,,,,,,,,,,,,,,,,,,,,,,,,,,,,,,,,,,,,,,,,,,,,,,,,,,,,,
,,,,,,,,,,,,,,,,,,,,,,,,,,,,,,,,,,,,,,,,,,,,,,,,,,,,,,,,,,,,,,,,,,,,,,,,,,,,,,,,,,,,,,,,,,,,
,,,,,,,,,,,,,,,,,,,,,,,,,,,,,,,,,,,,,,,,,,,,,,,,,,,,,,,,,,,,,,,,,,,,,,,,,,,,,,,,,,,,,,,,,,,,
,,,,,,,,,,,,,,,,,,,,,,,,,,,,,,,,,,,,,,,,,,,,,,,,,,,,,,,,,,,,,,,,,,,,,,,,,,,,,,,,,,,,,,,,,,,,
,,,,,,,,,,,,,,,,,,,,,,,,,,,,,,,,,,,,,,,,,,,,,,,,,,,,,,,,,,,,,,,,,,,,,,,,,,,,,,,,,,,,,,,,,,,,
,,,,,,,,,,,,,,,,,,,,,,,,,,,,,,,,,,,,,,,,,,,,,,,,,,,,,,,,,,,,,,,,,,,,,,,,,,,,,,,,,,,,,,,,,,,,
,,,,,,,,,,,,,,,,,,,,,,,,,,,,,,,,,,,,,,,,,,,,,,,,,,,,,,,,,,,,,,,,,,,,,,,,,,,,,,,,,,,,,,,,,,,,
,,,,,,,,,,,,,,,,,,,,,,,,,,,,,,,,,,,,,,,,,,,,,,,,,,,,,,,,,,,,,,,,,,,,,,,,,,,,,,,,,,,,,,,,,,,,
,,,,,,,,,,,,,,,,,,,,,,,,,,,,,,,,,,,,,,,,,,,,,,,,,,,,,,,,,,,,,,,,,,,,,,,,,,,,,,,,,,,,,,,,,,,,
,,,,,,,,,,,,,,,,,,,,,,,,,,,,,,,,,,,,,,,,,,,,,,,,,,,,,,,,,,,,,,,,,,,,,,,,,,,,,,,,,,,,,,,,,,,,
,,,,,,,,,,,,,,,,,,,,,,,,,,,,,,,,,,,,,,,,,,,,,,,,,,,,,,,,,,,,,,,,,,,,,,,,,,,,,,,,,,,,,,,,,,,,
,,,,,,,,,,,,,,,,,,,,,,,,,,,,,,,,,,,,,,,,,,,,,,,,,,,,,,,,,,,,,,,,,,,,,,,,,,,,,,,,,,,,,,,,,,,,
,,,,,,,,,,,,,,,,,,,,,,,,,,,,,,,,,,,,,,,,,,,,,,,,,,,,,,,,,,,,,,,,,,,,,,,,,,,,,,,,,,,,,,,,,,,,
,,,,,,,,,,,,,,,,,,,,,,,,,,,,,,,,,,,,,,,,,,,,,,,,,,,,,,,,,,,,,,,,,,,,,,,,,,,,,,,,,,,,,,,,,,,,
,,,,,,,,,,,,,,,,,,,,,,,,,,,,,,,,,,,,,,,,,,,,,,,,,,,,,,,,,,,,,,,,,,,,,,,,,,,,,,,,,,,,,,,,,,,,
